Metadata_Well,TG,AngularSecondMoment_Actin_2,AngularSecondMoment_Actin_6,AngularSecondMoment_Actin_10,Intensity_IntegratedIntensityEdge_Actin,Intensity_IntegratedIntensityEdge_Actin_new_intensity,Intensity_IntegratedIntensityEdge_Collagen,Intensity_IntegratedIntensityEdge_aSMA,Intensity_IntegratedIntensity_Actin,Intensity_IntegratedIntensity_Actin_new_intensity,Intensity_IntegratedIntensity_Collagen,Intensity_IntegratedIntensity_aSMA,Intensity_LowerQuartileIntensity_Actin,Intensity_LowerQuartileIntensity_Actin_new_intensity,Intensity_LowerQuartileIntensity_Collagen,Intensity_LowerQuartileIntensity_aSMA,Intensity_MADIntensity_Actin,Intensity_MADIntensity_Actin_new_intensity,Intensity_MADIntensity_Collagen,Intensity_MADIntensity_aSMA,Intensity_MassDisplacement_Actin,Intensity_MassDisplacement_Actin_new_intensity,Intensity_MassDisplacement_Collagen,Intensity_MassDisplacement_aSMA,Intensity_MaxIntensityEdge_Actin,Intensity_MaxIntensityEdge_Actin_new_intensity,Intensity_MaxIntensityEdge_Collagen,Intensity_MaxIntensityEdge_aSMA,Intensity_MaxIntensity_Actin,Intensity_MaxIntensity_Actin_new_intensity,Intensity_MaxIntensity_Collagen,Intensity_MaxIntensity_aSMA,Intensity_MeanIntensityEdge_Actin,Intensity_MeanIntensityEdge_Actin_new_intensity,Intensity_MeanIntensityEdge_Collagen,Intensity_MeanIntensityEdge_aSMA,Intensity_MeanIntensity_Actin,Intensity_MeanIntensity_Actin_new_intensity,Intensity_MeanIntensity_Collagen,Intensity_MeanIntensity_aSMA,Intensity_MedianIntensity_Actin,Intensity_MedianIntensity_Actin_new_intensity,Intensity_MedianIntensity_Collagen,Intensity_MedianIntensity_aSMA,Intensity_MinIntensityEdge_Actin,Intensity_MinIntensityEdge_Actin_new_intensity,Intensity_MinIntensityEdge_Collagen,Intensity_MinIntensityEdge_aSMA,Intensity_MinIntensity_Actin,Intensity_MinIntensity_Actin_new_intensity,Intensity_MinIntensity_Collagen,Intensity_MinIntensity_aSMA,Intensity_StdIntensityEdge_Actin,Intensity_StdIntensityEdge_Actin_new_intensity,Intensity_StdIntensityEdge_Collagen,Intensity_StdIntensityEdge_aSMA,Intensity_StdIntensity_Actin,Intensity_StdIntensity_Actin_new_intensity,Intensity_StdIntensity_Collagen,Intensity_StdIntensity_aSMA,Intensity_UpperQuartileIntensity_Actin,Intensity_UpperQuartileIntensity_Actin_new_intensity,Intensity_UpperQuartileIntensity_Collagen,Intensity_UpperQuartileIntensity_aSMA
B02,Glut,0.0156161158895427,0.0222018148043195,0.0346100771994319,2.9610284864902496,7.402571139857173,15.40546278283,11.335378056392074,16.17981248162687,40.44953081011772,148.61373315751553,81.63364640623331,0.0102845812216401,0.0257114525884389,0.0513618662953376,0.0410925447940826,0.0005188062787055,0.0012970156967639,0.0155565701425075,0.0089265294373035,0.2306217354798179,0.2306217346243386,1.875415155892685,0.9214827838179068,0.0131837949156761,0.0329594872891902,0.1658808290958404,0.0930342599749565,0.0148775465786457,0.0371938645839691,0.4025329947471618,0.1645685583353042,0.0107211187362987,0.0268027966485378,0.0597165166832429,0.0430802691405938,0.0108349395791109,0.0270873486931868,0.0968792475156348,0.0527643467668288,0.0107423514127731,0.0268558785319328,0.0651865415275096,0.050659954547882,0.008651865646243,0.0216296631842851,0.0426489673554897,0.0270084682852029,0.0081635769456624,0.0204089414328336,0.0423590466380119,0.0269016548991203,0.0006581965634527,0.0016454914491883,0.021452812924028,0.0116716770945728,0.0008466096958368,0.0021165241515211,0.0620445856869614,0.0151207963448247,0.0112916762009263,0.0282291900366544,0.1183794941753149,0.0604600608348846
B03,Glut,0.01403935847085665,0.023819762878344503,0.0395835143405417,3.0416800496168435,7.604200056754053,16.357076417654753,10.974189412780106,16.902601833920926,42.25650417432189,137.38840323872864,72.94042889494449,0.01035324670374385,0.0258831158280372,0.04973678290843955,0.0382715351879596,0.00052643613889805,0.0013160910457372,0.0145227741450071,0.00775921344757075,0.25997186187796073,0.2599718478074162,2.144169968919913,0.9759125433988436,0.0133669031783938,0.0334172584116458,0.16301976144313804,0.08078126236796371,0.01502250693738455,0.037556268274784047,0.33300526440143585,0.1209277473390102,0.01081919297271185,0.02704798215474245,0.05823387385201155,0.0404568359478671,0.01091833614175755,0.02729584011123115,0.09019653667788236,0.047836878579995495,0.01081864675506945,0.02704661618918175,0.06179140880703925,0.0458113988861441,0.00884260330349205,0.02210650779306885,0.04224460199475285,0.0268711373209953,0.0083314264193177,0.020828565582633,0.04201571643352505,0.0268101021647453,0.0006578278815357,0.00164456970329385,0.0200251123622259,0.009491279769689949,0.0008733723629285499,0.00218343089165685,0.0541036764926927,0.012545619757213699,0.0114137483760714,0.0285343714058399,0.11060692649334665,0.0552834356203675
B04,Glut,0.012042064105694,0.0213307120349136,0.0363936728118018,3.2241703318431973,8.060425773262978,17.227603610605,11.898710625246167,18.766766059212387,46.91691472940147,155.69062359631062,88.31894429586828,0.0099641410633921,0.0249103531241416,0.0497901886701583,0.03689631447196,0.000473029911518,0.0011825747787952,0.0126726180315017,0.0095521472394466,0.2248716244494719,0.2248716056266484,2.359186043394474,1.221542421858229,0.0124208442866802,0.0310521107167005,0.1570916324853897,0.0990157946944236,0.0136873424053192,0.034218356013298,0.3631647229194641,0.1575493961572647,0.0104226914374658,0.0260567283608339,0.0577856312964612,0.0405077639041263,0.0104428156651482,0.026107038933441,0.0892596464284097,0.0502956321670572,0.0103761348873376,0.0259403362870216,0.0597238130867481,0.0469367504119873,0.0084382388740777,0.0210955962538719,0.0424963757395744,0.0267490651458501,0.0080262459814548,0.0200656149536371,0.0422217138111591,0.0266117341816425,0.0005978025515466,0.0014945063651255,0.0178937923952772,0.0110407881705644,0.0007523381408522,0.0018808453331024,0.0568975434120531,0.016790262373428,0.0108644235879182,0.0271610580384731,0.1064393073320388,0.0593804828822612
B05,Glut_TGFB,0.0323104557296496,0.0343728161241647,0.0441873880283122,2.9902952881529927,7.4757381193339825,16.564293932169676,10.422812260687351,20.813183980062604,52.032959355041385,211.9886630326509,89.03958213329315,0.0112344548106193,0.0280861370265483,0.0508621335029602,0.0371480882167816,0.000823987647891,0.002059968188405,0.0238956287503242,0.0083314254879951,0.4783042619264506,0.4783042278428971,2.724182756996048,1.1417635644033115,0.0158388651907444,0.0395971611142158,0.2101777642965316,0.0789806991815567,0.0182192716747522,0.045548178255558,0.47763791680336,0.1219958811998367,0.0120267230074299,0.0300668071608249,0.0639234475391216,0.0393941458514941,0.0120393414743494,0.0300983533204074,0.1140596099836313,0.0478661837520156,0.0119172958657145,0.0297932401299476,0.0703669786453247,0.0455634407699108,0.0091859316453337,0.0229648295789957,0.0414129868149757,0.0258793011307716,0.0085908295586705,0.021477073431015,0.0413519479334354,0.0258030053228139,0.0011052693100839,0.0027631733058889,0.0341614193713365,0.0098836507347184,0.0013798676849504,0.0034496691133598,0.0823217012480894,0.0134653131585329,0.0128328371793031,0.0320820920169353,0.1558709144592285,0.0561646446585655
B06,Glut_TGFB,0.03519392540621,0.0242984892549974,0.0246157344831663,3.7770962426438928,9.44274041056633,19.65410854667425,11.288029335439203,26.13061741925776,65.32654246129096,242.8568855114281,94.44802025333048,0.0129434652626514,0.0323586612939834,0.0550392903387546,0.0406500361859798,0.0013733124360442,0.0034332834184169,0.0378881506621837,0.0085908249020576,0.7445274780944106,0.7445274930112313,3.01892595488338,1.2578757231508408,0.0222171358764171,0.0555428378283977,0.2402380406856537,0.0871442705392837,0.0257877465337514,0.0644693672657013,0.5007095336914062,0.126344695687294,0.0142582355705925,0.0356455883309722,0.0784033200658825,0.0440608375484035,0.0144972174490148,0.03624304305371,0.1331632468888436,0.0520655629985338,0.0140535589307546,0.0351338982582092,0.0888990610837936,0.0499427802860736,0.0105134658515453,0.0262836646288633,0.0444190129637718,0.0280003044754266,0.0095674069598317,0.023918516933918,0.0442053861916065,0.0277866795659065,0.0019003323260983,0.0047508309066978,0.0418397357059981,0.0109594983670554,0.0023997469496608,0.0059993674098388,0.0915055198700275,0.0142571901661238,0.015579461120069,0.0389486514031887,0.1902800053358078,0.0595292598009109
B07,Glut_TGFB,0.0408191359994229,0.0354569021565509,0.0382895042695008,3.6513771507889032,9.12844274006784,20.10766765475273,10.858228456228971,24.09114231448621,60.227854976430535,207.74786019325256,77.7867858633399,0.0131837949156761,0.0329594872891902,0.061753261834383,0.0406004413962364,0.0011444268748164,0.0028610676527023,0.0398947149515152,0.0061341263353824,0.5998110396608258,0.5998110572863705,2.449448631806573,0.8857654271146195,0.0198825057595968,0.0497062653303146,0.2283817827701568,0.0763561427593231,0.0225833524018526,0.0564583800733089,0.4254825711250305,0.1149767264723777,0.0145358989038799,0.0363397465948062,0.0838760524473297,0.0432518051648643,0.0145799992357268,0.0364499974981377,0.1309619126642313,0.0479882017881112,0.014343480579555,0.0358587019145488,0.1031509861350059,0.0464332029223442,0.0106813153252005,0.0267032887786626,0.0473182275891304,0.0289158467203378,0.0100709544494748,0.0251773856580257,0.0469062328338623,0.028656443580985,0.0015235372996632,0.0038088431151104,0.0381428963791841,0.0082950178013138,0.0019460066281185,0.0048650165825293,0.0740095358839128,0.0100680663120619,0.0156900901347398,0.0392252244055271,0.1792019605636596,0.0539940483868122
B08,Fak_TGFB,0.0018036693498648,0.00267973361890605,0.0036622487522907,8.102990860585123,20.257476918399334,48.1159915458411,27.28627461194992,57.032403263030574,142.5810065632686,321.09645289182663,231.0990544660017,0.00833905581384895,0.020847639068961102,0.0443198289722204,0.0280766002833843,0.0003662165254354,0.00091554131358855,0.0024261847138404,0.00130464695394035,0.2488473731786126,0.2488473782897703,1.5852403661062637,0.8985859809008824,0.0103761348873376,0.02594033628702155,0.1399862691760063,0.0914778374135494,0.0113603421486914,0.02840085513889785,0.4439993947744369,0.4578774720430374,0.008940947305805101,0.02235236799326895,0.04730000804731625,0.0297282179312688,0.00871841131627165,0.0217960280412632,0.04931267842860935,0.03079987032606885,0.00870145764201875,0.021753644570708247,0.0464637205004692,0.0290569923818111,0.0075379568152129,0.018844892270863,0.0389181356877088,0.024750133976340252,0.00659189769066865,0.01647974364459505,0.03872739709913725,0.024338140152394702,0.0004410622289208,0.00110265558175615,0.00746128098155295,0.003933089265362099,0.00055726274429435,0.0013931569035784,0.0159520170697984,0.01130087336240085,0.0090485997498035,0.0226214993745088,0.0506523232907056,0.03066300507634875
B09,Fasudil_TGFB,0.01721295768044595,0.026224462214162497,0.0371228667533977,3.3173724287189543,8.293430984951556,18.548104098066688,12.134279432706535,20.515266860136762,51.28816664963961,199.22058464586735,88.24965301062912,0.01050583645701405,0.02626459114253515,0.05327305942773815,0.03888761624693865,0.0005798423662781,0.0014496073126792,0.0169375166296958,0.0076295118778943495,0.3602553253902234,0.3602553230473101,2.1833929429830645,1.008745484987474,0.0144502939656376,0.03612573444843285,0.17066453397274015,0.0856336317956447,0.0172808421775698,0.04320210404694075,0.4752422422170639,0.14156557619571686,0.01117182195358555,0.0279295546265715,0.06198091747652955,0.04098253708555685,0.0111315774785138,0.0278289434174791,0.10317200296311729,0.04871707033716415,0.0109407184645533,0.0273517966270446,0.0666628517210483,0.0463874265551567,0.00876630842685695,0.021915771067142452,0.0439307242631912,0.02716105896979565,0.0083619439974427,0.0209048595279455,0.0437476150691509,0.0269932094961404,0.0007892414600714,0.0019731035910699,0.021756130079538902,0.010186001590726301,0.0011188060208209,0.0027970149408694,0.07025903736584324,0.01292739962451705,0.01158922724425785,0.0289730671793222,0.130508504807949,0.05502975499257445
B10,Fasudil_TGFB,0.0180550772373156,0.02475655911668665,0.036800831108523446,3.331548064481467,8.328870067372918,17.592454476282,12.107148886658251,23.722781944088638,59.306954238563776,213.34225223772228,101.14728029165417,0.0107118338346481,0.0267795845866203,0.05292210355401035,0.03919661231338975,0.0006523230113088499,0.0016308072954416,0.01300831511616705,0.0080415047705173,0.37757930572350684,0.37757931367430125,2.4999195372589655,1.193228374894961,0.0155794615857303,0.0389486532658338,0.18072022497653956,0.09037155658006665,0.0184328984469175,0.04608224704861635,0.4798962324857712,0.1505760252475738,0.0113539746985033,0.0283849364448053,0.0602524549665489,0.041886475227442446,0.011432392287416951,0.02858098045087145,0.0999207929786721,0.04967091987583325,0.0112306401133537,0.0280766002833843,0.06361104920506475,0.0475127790123224,0.009300373960286351,0.023250934667885248,0.04413672164082525,0.0269626919180154,0.0085908295586705,0.021477073431015,0.0439154654741287,0.02687876671552655,0.00090686396158635,0.00226715980956485,0.0212994512239287,0.0108338280427325,0.0012170273835420999,0.0030425683382578,0.06911456231836935,0.013703998843100751,0.0119630731642246,0.02990768291056155,0.12304112222045654,0.05692759528756135
B11,Fasudil_TGFB,0.0234111206481246,0.0303841731027766,0.0430705482492509,2.81760894600302,7.044022303074598,19.95613027364016,11.142183618620038,14.2044710367918,35.51117726042867,157.6363472416997,64.03094542212784,0.0105287255719304,0.0263218134641647,0.056179903447628,0.0415388718247413,0.0006866557523608,0.0017166398465633,0.0293125808238983,0.0070954449474811,0.4083968534465326,0.4083968456535834,2.2929784276886904,1.0250508766520472,0.0152285043150186,0.038071259856224,0.1889829933643341,0.083497367799282,0.0179598685353994,0.0448996722698211,0.4688639640808105,0.1258411556482315,0.0115833984664785,0.028958495926135,0.0726091020274907,0.0442040240824488,0.011591608022867,0.0289790197533656,0.1185983698851504,0.0507727839540749,0.0114137483760714,0.0285343714058399,0.092324711382389,0.0483253225684165,0.0086671244353055,0.0216678101569414,0.0439917594194412,0.0279697868973016,0.0083619439974427,0.0209048595279455,0.0437781326472759,0.027832455933094,0.000950747571989,0.0023768687594709,0.0306203252361621,0.0097428201970926,0.0012670766817989,0.0031676915582341,0.0726885274425881,0.0117285533642321,0.0121614402160048,0.0304036010056734,0.1626611799001693,0.0567864514887332
C02,SB,0.01611338352298625,0.029677430150010953,0.0504949459562382,3.2834745147265494,8.208686219528317,17.869794772937894,12.923254781402647,16.115060817915946,40.28765165992081,121.64031459204853,71.71818124316633,0.0107576102018356,0.026894025504589,0.054159991443157154,0.0403887233696877,0.0005645835772156,0.001411460340023,0.0143854422494769,0.0074921809136867,0.2998486144676724,0.2998486193040796,1.902085008514152,0.9070344462047458,0.01389333978295325,0.03473334759473795,0.154268704354763,0.09401083365082741,0.0152285038493573,0.0380712579935789,0.29104295372962946,0.12618448585271835,0.01120036344085675,0.0280009083681566,0.0626870364030363,0.044090541261377306,0.0112939935566886,0.02823498363651105,0.08003014376394524,0.0494542260317162,0.01120775192975995,0.0280193798243999,0.06981384009122846,0.04856946691870685,0.0087434193119406,0.0218585487455129,0.04291599988937375,0.0268863961100578,0.0083924625068902,0.0209811553359031,0.0425726696848869,0.0267490651458501,0.0007378066920319,0.00184451669282655,0.017657681427599298,0.0117994519436979,0.0009353490555127,0.0023383725947398997,0.03259627980041145,0.01232177424776345,0.01178759429603815,0.029468985274434048,0.0951781496405601,0.0562867177650332
C03,SB,0.0175582226007308,0.0301442178658231,0.0397413681697411,3.7154650455340734,9.288662519305944,18.625391084700823,13.290882781147957,23.36485871393233,58.41214629262686,158.9963378868997,97.67162615805864,0.0106050204485654,0.0265125501900911,0.0503700301051139,0.0356450751423835,0.0006256196647882,0.001564048230648,0.0122529957443475,0.0081330575048923,0.3598892944829011,0.3598892693932603,1.886094784114296,1.0062023978602612,0.013962005265057,0.0349050126969814,0.1481498479843139,0.0954146608710289,0.0155031662434339,0.0387579165399074,0.3120012283325195,0.1438925713300705,0.0110198459304208,0.0275496146112804,0.0565822408008525,0.0396157136873195,0.011240027682993,0.0281000689585685,0.0735058187583218,0.0456182718370109,0.0111543452367186,0.0278858635574579,0.0618905927985906,0.0442053861916065,0.0087586790323257,0.0218966975808143,0.0420996397733688,0.026276035234332,0.0082398718222975,0.0205996800214052,0.041718166321516,0.0260013733059167,0.0007766751843295,0.0019416879096764,0.0156517903275396,0.0114389240349583,0.0010022738157389,0.0025056844182924,0.0323893222694715,0.0129853858872293,0.0117952236905694,0.0294880587607622,0.0855954810976982,0.0528534380719065
C04,SB,0.021029539935298998,0.030596723500944847,0.0506110035393312,3.204875286668539,8.012188117019832,17.20917832106352,11.023109808564186,18.818700110074133,47.04674979764968,125.19164585322142,67.83022060152143,0.011123826727271,0.0278095658868551,0.0551766231656074,0.03648241423070425,0.0006561381742358,0.0016403449699282,0.01501869224011895,0.0061493888497352,0.30757974013879075,0.30757972065988426,1.5598347880580121,0.8352952894451781,0.0151064321398735,0.0377660803496837,0.14649423956871024,0.0967269390821456,0.0169985499233007,0.0424963757395744,0.2917219698429107,0.1428091898560524,0.0115859380355214,0.02896484485736205,0.0625338754623801,0.039821514095032054,0.0117780347302897,0.0294450865307084,0.07962184691544494,0.04451577028642095,0.0116731515154242,0.0291828792542219,0.06989394873380655,0.0431830324232578,0.00901045277714725,0.022526131942868198,0.04363317415118215,0.02681773155927655,0.008651865646243,0.0216296631842851,0.0431982912123203,0.026565957814455,0.00090130250271665,0.0022532561775460997,0.01738332924774065,0.010673967674196101,0.00108383557609835,0.00270958879290075,0.0305859204098008,0.011183534820340249,0.01238269638270135,0.030956741422414752,0.0934042884036898,0.050074387341737706
C05,control,0.01372552551563965,0.0286401866225556,0.0550989909056376,2.4503929470665753,6.12598230689764,15.568047607317567,9.935675638727844,11.265804646536708,28.164511353708804,121.51166571862996,56.37277031317353,0.009864957537501998,0.02466239314526315,0.055928129702806445,0.04003204405307765,0.0004882887005805,0.0012207217514514,0.026459146291017498,0.00828183442354195,0.22157662799639605,0.22157663052031729,1.520312225717672,0.7704538445891109,0.0126039525493979,0.031509879976511,0.18440527468919748,0.0894178673624992,0.01344319852069015,0.0336079951375722,0.377569243311882,0.1286793351173401,0.010537217012022902,0.026343042264999,0.0688266669297358,0.0426342656285446,0.01046080800511175,0.02615201976915605,0.11195598242956589,0.05053410464812335,0.01047531887888905,0.02618829719722265,0.0899023432284593,0.049160752445459296,0.00801861612126225,0.0200465405359864,0.0424658581614494,0.0263675898313522,0.00779736018739635,0.019493400119245,0.04219882562756535,0.02623788826167575,0.0007193281091054499,0.0017983202620674502,0.02596167212093805,0.01155336890014095,0.00080210480301205,0.0020052620037794002,0.060467332844371,0.0131556896057997,0.0109254596754908,0.0273136496543884,0.143938347697258,0.0573281459510326
C06,control,0.017219156131723,0.0267477896308804,0.0425697929482882,2.9632257893681526,7.40806439705193,16.717448700219393,10.393057141453028,17.35848038084805,43.39620056375861,148.83840708434582,72.0477304160595,0.0102082854136824,0.0255207139998674,0.0504310689866542,0.0366063937544822,0.0005340659990906,0.0013351645320653,0.0157320536673069,0.007705807685852,0.2352189650268533,0.2352189777803665,2.364093255688205,0.8945395277021354,0.0131685361266136,0.032921340316534,0.1707637161016464,0.0843213573098182,0.0146486610174179,0.0366216525435447,0.364766925573349,0.1233386769890785,0.0106048669769012,0.0265121671591122,0.0596822030660582,0.038279828599521,0.0107821097972298,0.0269552742313734,0.093891998694204,0.0458376478482571,0.0106813153252005,0.0267032887786626,0.0641489252448082,0.0439230948686599,0.0087434193119406,0.0218585487455129,0.0423132665455341,0.0261081866919994,0.0081635769456624,0.0204089414328336,0.0420233458280563,0.0260013733059167,0.0006699987427774,0.0016749968514993,0.0212146554556057,0.009781477323124,0.0008544413772926,0.0021361034696933,0.0589463733563718,0.012186724203492,0.0112764174118638,0.0281910430639982,0.1174639537930488,0.0527809560298919
C07,control,0.0128381377513844,0.022145490324419,0.0380470881835983,2.8443427477031946,7.110856801271439,16.632440738379955,10.404303055256603,16.555611674673855,41.38902882300317,149.50453966483474,76.23205937817693,0.0102540627121925,0.0256351567804813,0.0522926673293113,0.0381475538015365,0.000503547489643,0.0012588687241077,0.0186465308070182,0.007827877998352,0.2334115352639562,0.2334115296654747,2.346556326128226,0.9571839391123932,0.0129091329872608,0.0322728306055069,0.181887537240982,0.0860761404037475,0.0144197754561901,0.0360494367778301,0.3685664236545563,0.1242084354162216,0.0106524475278697,0.0266311185667574,0.0629184374575892,0.0401880673365667,0.0107645988901197,0.026911496978969,0.098610722775623,0.047500490561305,0.0106813153252005,0.0267032887786626,0.0671778470277786,0.0460822470486164,0.008682383224368,0.0217059571295976,0.0438391715288162,0.0264896620064973,0.008224613033235,0.0205615330487489,0.0434576943516731,0.0264133661985397,0.0006389480414675,0.0015973700978269,0.0230554839857313,0.0103069886145756,0.0008118799730457,0.0020296999311528,0.058126227408001,0.0127204041154151,0.0112153813242912,0.028038453310728,0.1274586170911789,0.0545586319640278
C08,Fak_TGFB,0.017714774734508297,0.0231177659089999,0.02504795536524855,1.6899290718138218,4.224822630174458,11.190852222964168,8.766498827375472,8.662440024549142,21.65609981585294,89.37691328302026,98.0312963090837,0.008453498594462799,0.02113374602049585,0.04583047330379485,0.028940642718225648,0.000370031222701,0.0009250789880752,0.006370641291141449,0.00502021797001355,0.20261117068093504,0.2026111792288986,1.2699336709183102,1.895866327171262,0.01065842714160675,0.02664606831967825,0.14693675190210334,0.1642786338925361,0.01316090626642105,0.0329022649675607,0.4324559420347214,0.5719920694828033,0.008912962586822299,0.02228240617914215,0.0512400982436718,0.032560816991826544,0.0090016504192719,0.0225041257940793,0.06861260873789504,0.05076017652350025,0.0089265275746583,0.0223163180053234,0.05086213350296015,0.0325780119746923,0.00725566502660505,0.018139163032174048,0.04007782042026515,0.0249866480007767,0.00679026474244885,0.01697566173970695,0.0396276786923408,0.02455176692456,0.00045762979351555,0.0011440744953354499,0.013676571375522,0.01432362975951175,0.0006704970622871,0.0016762426480384,0.033966420361772554,0.048843862991658105,0.00937666930258265,0.02344167232513425,0.07166971918195485,0.04789806902408595
C09,Fasudil_TGFB,0.0130531163648198,0.02133236663166215,0.0393070061187877,1.1503929358441383,2.8759823124855757,13.42903027497232,6.205363574437797,7.210147327277809,18.025368069298565,120.74913421832025,41.89644472301006,0.0101625090464949,0.0254062730818986,0.11367589794099325,0.05042725242674345,0.00049591809511175,0.00123979523777955,0.03935683146119115,0.0064011607319116,0.13619546267990834,0.13619546654159637,1.009206587957988,0.49743805270019464,0.0130464639514684,0.03261616080999365,0.20084687322378156,0.08463416621088976,0.0142366676591336,0.03559166751801965,0.47886626422405243,0.1138170436024665,0.01068291303059905,0.02670728235561385,0.11658514595364565,0.0525226215485289,0.01074924299186795,0.02687310723517495,0.16366994600779883,0.0590843225001774,0.01065842714160675,0.02664606831967825,0.1493362337350845,0.05755321681499475,0.00873578991740935,0.0218394752591848,0.0551918819546699,0.0348516069352626,0.00846112798899405,0.02115282043814655,0.05286488309502595,0.0341954678297042,0.0007865547768866,0.00196638691645725,0.02495752970210835,0.0096210159282222,0.0008009593474091,0.00200239834128525,0.07077796185792795,0.010486719997832999,0.0112458989024162,0.0281147472560405,0.20071907900273794,0.0659933630377054
C10,Fasudil_TGFB,0.0209139748012605,0.023374318987914047,0.034139865718788104,3.1512779821641743,7.878194872289896,17.721622087061405,11.257206090725958,22.7922715251334,56.980678191408515,192.52977068722242,92.38452754169703,0.0107881287112832,0.0269703213125467,0.0520027466118335,0.0391355752944946,0.0006256196647882,0.001564048230648,0.01769665069878095,0.0070954449474811,0.33170658830567357,0.3317065673117323,2.3628622347826456,0.9380198564971491,0.0153658352792263,0.0384145863354206,0.1765163615345955,0.07909514009952545,0.01766231749206775,0.0441557932645082,0.4556878060102463,0.13071641325950614,0.011456543956442,0.02864135960201385,0.06289381327238555,0.0410469589085889,0.0114634751700167,0.028658687652280898,0.10202936708118321,0.0474511471272169,0.0112764174118638,0.0281910430639982,0.06558327563107005,0.045971617102622944,0.009231708478182499,0.023079271428287,0.0442359037697315,0.0271457992494106,0.0085603110492229,0.0214007776230573,0.04380102083086965,0.0270237270742654,0.00088791415818105,0.00221978543346585,0.025681485047949502,0.0095670372575578,0.0011439763428658,0.0028599407429831,0.06455456642109156,0.01214408358812585,0.01198596181347965,0.0299649043008685,0.13082513399422163,0.0539520867168903
C11,Fasudil_TGFB,0.0231968101355636,0.0298397705255244,0.0404067242780719,3.2216678373515606,8.054169476032257,18.981185633689165,11.721217680722477,17.305012740194798,43.26253139972687,162.82662727683785,75.06132611632347,0.0105745019391179,0.0264362543821334,0.0527046620845794,0.0390478372573852,0.0006866557523608,0.0017166379839181,0.0218509212136268,0.0067063421010971,0.4855659931865224,0.4855659764958323,2.746269237937467,0.9615669103050896,0.0159151591360569,0.0397878959774971,0.1807888895273208,0.0846570506691932,0.018005646765232,0.0450141169130802,0.4207980334758758,0.1278400868177414,0.0114240214595912,0.0285600534207384,0.0661654325625741,0.0421463489964059,0.011419346336536,0.028548365550255,0.1031775555015402,0.047560364447343,0.0112153813242912,0.028038453310728,0.0728007927536964,0.0457007698714733,0.0087891966104507,0.0219729915261268,0.0439307242631912,0.0275272764265537,0.0083924625068902,0.0209811553359031,0.0437476150691509,0.0273899435997009,0.0009864880812293,0.0024662200771471,0.0267625256838707,0.0097377138575942,0.0013080818489673,0.0032702044976109,0.0615389721826926,0.0116228845531099,0.0119630731642246,0.0299076829105615,0.1358205527067184,0.0534752421081066
D02,WH,0.02300556323237435,0.0289278165967499,0.03901385723500605,2.825131638441235,7.062829018570483,14.203799534589052,11.786381370387971,22.623964504804462,56.55991054791957,134.5762723889202,123.85587122943252,0.010753795737400599,0.02688448922708625,0.0541847869753837,0.0444075688719749,0.0007629515603184,0.0019073784351348,0.010772867128252948,0.0146028846502304,0.3849060508244518,0.3849060407808682,0.9988708464440538,1.6266141857240322,0.0145418480969965,0.0363546200096607,0.1334935501217842,0.11419088765978805,0.0198519881814718,0.04962997138500205,0.28889143466949463,0.21734187752008435,0.01113874386005545,0.02784685941202265,0.05686352554977475,0.04500588952594575,0.011553299336342401,0.0288832480681638,0.069170880139501,0.0633367239541911,0.01136034214869135,0.028400855138897847,0.0636148639023304,0.0586709380149841,0.00818646512925615,0.020466161891817998,0.0421606786549091,0.0268711373209953,0.00794232077896595,0.019855801016092252,0.04201571643352505,0.0268101021647453,0.0009645942169124,0.0024114854783262004,0.01371544450136605,0.0175390411033535,0.0013418235411409001,0.00335455873750645,0.02360135072042955,0.028128575849182748,0.012062256690114698,0.030155641026794848,0.07899786531925194,0.07706569135189055
D03,WH,0.0219041355797008,0.0278145317868041,0.039944403747102,2.822766481898725,7.0569161251187325,14.415045410394669,11.123003022745252,19.437567885033783,48.593919089064,112.99232494831084,100.33879623934628,0.0114595256745815,0.0286488141864538,0.0582131668925285,0.0462157614529132,0.0008697649464011,0.002174412831664,0.0125886872410774,0.0122224800288677,0.4149563107445337,0.4149563024710046,1.1985473480871704,1.3268765441448604,0.0158693827688694,0.0396734550595283,0.1442282795906067,0.1332265138626098,0.0217898841947317,0.0544747114181518,0.30559241771698,0.1947966665029525,0.0119595965252646,0.0298989910597005,0.0626867501248504,0.0499867192055616,0.0124997671189981,0.0312494174546959,0.0768305054198983,0.0634750943730513,0.0121614402160048,0.0304036010056734,0.0692378133535385,0.0594644099473953,0.0087434193119406,0.0218585487455129,0.0440222769975662,0.0272373538464307,0.0084687573835253,0.0211718939244747,0.0438544303178787,0.0269474331289529,0.0011456598942804,0.0028641495824589,0.0166450225923358,0.0178013253359857,0.0015836325174438,0.0039590811382618,0.0291088522823601,0.0232388925793063,0.013138017617166,0.0328450426459312,0.0865644291043281,0.0756847485899925
D04,WH,0.0198348076562692,0.03094157104917055,0.0343966904691658,3.0545128756202757,7.636282104067504,16.107393013313413,12.886915422976017,19.31114688143134,48.277866578660905,129.9131456632167,106.22115683369339,0.010643167886882951,0.02660791948437685,0.05552376620471475,0.0412775613367557,0.00084687583148475,0.00211718957871195,0.01127641834318635,0.0137483775615692,0.5707880608326841,0.5707880424230171,1.4215664247396784,1.8836188005860577,0.015030136797577101,0.0375753417611122,0.14382391422986984,0.14087891578674316,0.0214007785543799,0.053501944988965947,0.31712062656879425,0.23354695737361905,0.01125121083009285,0.028128026828906,0.060775165740667,0.047544659657726154,0.01180453772109235,0.02951134396230665,0.07428975525002075,0.06190401693005855,0.011421377770602651,0.0285534439608454,0.06766232103109354,0.05671778507530685,0.008140688296407399,0.0203517200425267,0.04322117939591405,0.02635996043682095,0.00791180320084095,0.019779507070779752,0.0428397040814161,0.0262607764452695,0.0011714915405217,0.00292872871494585,0.0151515642497978,0.020403302246006248,0.0016457473064160001,0.00411436814938775,0.02632524926501625,0.0277509565719668,0.0125123979523777,0.03128099441528315,0.0829270631074905,0.07206073310226195
D05,control,0.0158811794198305,0.0286704433839651,0.0413318587752333,3.177767638117075,7.944419017061591,17.2914473824203,12.418020959943531,20.34372496418655,50.85931194759905,177.65192633494735,103.47161078080536,0.0101014729589223,0.0252536814659833,0.0497138947248458,0.0372816063463687,0.0005722134374082,0.0014305347576737,0.0137407463043928,0.0093995593488216,0.2909552971202868,0.2909552966889948,2.924362828462261,1.1076990839457914,0.0130006866529583,0.0325017161667346,0.1906156986951828,0.0975356698036193,0.014770733192563,0.036926832050085,0.4179751276969909,0.1775387227535247,0.0104207552680308,0.0260518878725246,0.0574117962404643,0.0404401381396585,0.0107007244396639,0.0267518108567366,0.095155019994181,0.0488895074649347,0.0106355380266904,0.0265888441354036,0.0610360875725746,0.0466697178781032,0.0083619439974427,0.0209048595279455,0.041779201477766,0.0260013733059167,0.0079499501734972,0.0198748745024204,0.0415808334946632,0.0258640423417091,0.0007230132229186,0.0018075330593386,0.0224540748420984,0.01228751225988,0.0009127483111632,0.0022818706994909,0.0632023410371184,0.0155274574328679,0.0112001225352287,0.0280003063380718,0.1149805467575788,0.0572671107947826
D06,control,0.0170806894617561,0.0256527049444196,0.0420069508024498,3.413839970715344,8.53459982573986,19.16929883882404,12.570611165836452,22.32060751784593,55.80151827074587,188.88670159503812,97.459022058174,0.0103036547079682,0.0257591363042593,0.0507286190986633,0.0376592651009559,0.0005798432976007,0.0014496073126792,0.0141756311058998,0.0088502317667007,0.3238537053442339,0.3238537243013298,2.995482464645624,1.1127358298797567,0.0135194938629865,0.0337987355887889,0.2070649266242981,0.0970016047358512,0.0152895404025912,0.0382238514721393,0.4180361628532409,0.1437399834394455,0.0106701095952303,0.0266752737283241,0.060760350906653,0.0403906310146505,0.0109489056853632,0.0273722639489664,0.0952479513302502,0.0484504881163376,0.0108491647988557,0.0271229110658168,0.0622262917459011,0.0468299388885498,0.0087281605228781,0.0218204017728567,0.0422064550220966,0.0261997412890195,0.0081635769456624,0.0204089414328336,0.0420080870389938,0.0260471496731042,0.0007122890565694,0.0017807226117253,0.0245566526638479,0.0118447819383872,0.0009497958558135,0.0023744896054938,0.0649255932772103,0.0146666160210492,0.0114900432527065,0.0287251081317663,0.1151445768773555,0.056515603326261
D07,control,0.014694677767187449,0.0270301198465697,0.0463276750748925,3.002708500251174,7.506771188229322,16.8350117970258,11.074822659604251,15.646601209416986,39.11650266125798,142.00668363831937,69.5123218325898,0.010399023536592649,0.0259975586086511,0.051548790186643545,0.03765163570642465,0.0005340659990906,0.0013351645320653,0.0194933991879224,0.0076752882450818495,0.26470090265733476,0.2647008954985083,2.366398665003021,0.8174148003281374,0.0132143134251236,0.0330357812345027,0.1857938468456268,0.08115511015057555,0.0147096971049904,0.0367742404341697,0.3618676960468292,0.11783779785037035,0.0108103265970824,0.027025816275869953,0.0643237443302874,0.0405792784382312,0.0109544342180814,0.0273860852916213,0.10016508869415415,0.046842575225441954,0.01087205298244945,0.0271801315248012,0.07049286551773545,0.0452124811708927,0.0088197151198983,0.0220492873340845,0.04311436787247655,0.0266117341816425,0.00836957339197395,0.020923933014273602,0.0426489673554897,0.0264744032174348,0.00066722777441165,0.0016680694431804501,0.02560650777435415,0.00967489388344295,0.00086502631872775,0.0021625658016591,0.061230135235711455,0.012039202661071051,0.01142137777060265,0.028553444892168,0.12685588188469404,0.054188601672649356
D08,Fak_TGFB,0.02953462481442235,0.04103286901922755,0.037382865940217155,0.816662861732766,2.0416571320965886,6.6261386927217245,6.3398870918899775,4.186427159234881,10.466067773289979,42.83930721320212,50.9432212067768,0.0083676660433411,0.02091916464269155,0.07036697864532465,0.04618715215474365,0.00048065907321865004,0.0012016473338006999,0.0233310461044311,0.03807888738811015,0.133230068501033,0.13323007233204,0.8103400661328892,1.2843228001117373,0.0101472493261098,0.0253681223839521,0.14141298830509186,0.1814984381198883,0.0123750669881701,0.0309376679360866,0.3602578788995743,0.43081559240818024,0.00861751776824585,0.02154379434055495,0.07469642000833275,0.0554466432334898,0.0088747993256098,0.0221869980610312,0.1048508551221736,0.1131400719986877,0.0088044553995132,0.0220111384987831,0.09660105407238,0.0809643696993589,0.007232776610180651,0.0180819416418671,0.04451819509267805,0.02706950530409805,0.00707255676388735,0.01768139190971845,0.04412909038364885,0.02701609861105675,0.0005734784281196,0.0014336960891162,0.020875154263138053,0.0292064407359915,0.00082169731661835,0.00205424330173725,0.04857617302362425,0.0799245994293375,0.0092469677329063,0.0231174193322658,0.1239337781444192,0.1479133255779743
D09,TGFB,0.02996489351489605,0.02496520541961435,0.03165823537047205,3.7318227235227823,9.329556649550796,19.787121403962374,11.265789329074323,26.840543431695554,67.10135760251433,224.69369831681252,96.31912737712264,0.01265735877677795,0.031643396243453,0.054072252009063904,0.03920424357056615,0.0010528722777962,0.0026321820914745,0.028751812875270802,0.00637064129114145,0.5944350046825635,0.5944350173542241,2.978651294971883,1.0382478438449783,0.01888304017484185,0.04720760136842725,0.21073472499847404,0.07885099574923515,0.02198062092065805,0.05495155230164525,0.4362859576940536,0.1190356314182281,0.01359162876995205,0.03397907117957665,0.07015877963665675,0.041634730964963104,0.01384219910873885,0.034605497227992346,0.1152795180381964,0.047330585956059545,0.0135194938629865,0.0337987355887889,0.08106736838817591,0.045735102146863896,0.01044480036944145,0.026112001389264998,0.04453345388174055,0.02779430896043775,0.00951400026679035,0.02378500066697595,0.044281680136919,0.027641718275845,0.00133355431893405,0.0033338857141124497,0.03278355793163995,0.0090839463467875,0.00180390463864405,0.004509761511638,0.07105936545797306,0.01053300713594545,0.01473258575424545,0.03683146275579925,0.1576104387640953,0.0534828719682991
D10,TGFB,0.0349895245243594,0.0263973431361626,0.0327972402366238,3.3212329633533955,8.303082277998328,19.550911743193865,8.927046656608582,20.56818511057645,51.42046215385199,162.90536361560223,61.16235616058111,0.0137026021257042,0.0342565029859542,0.0728465691208839,0.0419470518827438,0.0015716794878244,0.0039291977882385,0.0413519479334354,0.0050202198326587,0.7301533032263252,0.730153311851059,1.939489578529536,0.7137749352208235,0.0227206833660602,0.0568017065525054,0.2329137176275253,0.0705424547195434,0.025421530008316,0.0635538250207901,0.3747768402099609,0.0915846526622772,0.0161118686428644,0.0402796710908844,0.0954715629253122,0.0442665623888816,0.015724928410318,0.0393123204644312,0.130246681389697,0.0477167480314771,0.0155870909802615,0.0389677267521619,0.1198290959000587,0.0470435656607151,0.0112153813242912,0.028038453310728,0.0480506606400013,0.0301518272608518,0.0104371709749102,0.0260929279029369,0.0477607399225235,0.0299992375075817,0.002062908283984,0.0051572706396465,0.038285520098935,0.0077200697951795,0.0025564868489451,0.0063912171740442,0.0613957397381495,0.0080443182831352,0.0173189900815486,0.0432974733412265,0.1705310195684433,0.0525520704686641
D11,TGFB,0.037228694180041655,0.034362210094739304,0.0406109654897137,3.6531090536154807,9.132772485725582,19.41872283816338,10.013046479783952,21.300953879021108,53.25238408707082,177.91132231801748,72.48670194204897,0.0124208438210189,0.03105210978537795,0.0591992833651602,0.0394350346177816,0.0013427939265966,0.0033569857478141,0.0351224541664123,0.0054322108626365,0.6881540554483241,0.6881540657332347,2.4572680892625476,0.7893335636262273,0.020889600738883,0.0522240027785301,0.19291219115257255,0.0728618316352367,0.0231021586805582,0.05775539577007285,0.35259784758090973,0.09639887139201159,0.014566426879955,0.036416066578948345,0.07865660872489265,0.0419800982880905,0.0143398175913147,0.03584954344605575,0.11518507868284225,0.04609936560025925,0.0142442970536649,0.03561074100434775,0.1049897000193595,0.0450408179312944,0.0101777678355574,0.0254444200545549,0.04502937383949755,0.02895399369299405,0.0094758528284728,0.023689632304012748,0.0446478985249996,0.0285191126167774,0.00171653548743885,0.00429133867354445,0.0323603663554815,0.007560162647501201,0.0022138815574116,0.005534703820553,0.06091089320769895,0.008928525133021899,0.01566720008850095,0.0391680002212524,0.15564202517271036,0.051617454737424795
E02,Fak,0.00251459906661785,0.0032627508613134503,0.00457766869704235,15.087228384101763,37.71807053498924,75.44135212898254,52.33858255110681,323.13902911520563,807.847564262338,1680.8206112124026,1088.3973716469482,0.0085145346820354,0.0212863367050886,0.044754711911082254,0.0279697868973016,0.0003967341035604,0.0009918343275785,0.00273136608302585,0.0012207217514514,1.3322697384287308,1.3322697611508036,3.915410276521187,1.829697763919109,0.01083390554413195,0.0270847640931606,0.16668192297220225,0.31872281432151794,0.0135271227918565,0.0338178072124719,0.8261768519878387,0.9601129293441772,0.0090198091237258,0.0225495225584579,0.04690485162804525,0.029390740100481698,0.008889557684257799,0.0222238939746324,0.050343683224817345,0.03048330116652455,0.008873121347278301,0.022182802669703898,0.04673838429152965,0.0289768828079104,0.00763714057393365,0.0190928513184189,0.0384679958224296,0.024185549467802,0.0065003435593098,0.01625085901468985,0.03799496404826635,0.0237964447587728,0.00037460797466625,0.00093651997339565,0.00935670468399745,0.01252884983150205,0.0005986417152669,0.0014966042947826999,0.0229603089056937,0.01917604529980245,0.0092622265219688,0.02315556630492205,0.05064469389617435,0.030273899435997
E03,Fak,0.0036614698101826,0.0064604074125972,0.0093144340660753,2.7044938085600734,6.761234460398555,14.395376555621624,10.558983812108636,34.22745139570907,85.56862768530846,208.08731259405613,188.4292977657169,0.0090943770483136,0.0227359421551227,0.0453116670250892,0.028717478737235,0.0003967341035604,0.0009918343275785,0.0024261809885501,0.001152055338025,0.2223232084880517,0.2223232156892999,1.5262432663663126,3.614505895699892,0.0113679710775613,0.0284199267625808,0.1307393014430999,0.1566033363342285,0.0144350351765751,0.0360875874757766,0.4475165903568268,0.7099870443344116,0.0096036156994801,0.0240090390255178,0.0495500689906119,0.0325391706912876,0.0095146379062963,0.0237865945198678,0.0531296676884241,0.0391456706987048,0.009460593573749,0.0236514844000339,0.0474708154797554,0.0297093149274587,0.0085297934710979,0.0213244836777448,0.041748683899641,0.0259555969387292,0.0074311438947916,0.0185778588056564,0.0406958125531673,0.025421530008316,0.0004865233899389,0.0012163084980311,0.0090345509872358,0.0112126627478621,0.0006770071412683,0.001692517847358,0.0224048538021047,0.0399653518666997,0.0099183646962046,0.0247959122061729,0.0516365319490432,0.0317692831158638
E04,Fak,0.011069952624422,0.02189058881521,0.0209369220332878,2.9166857805103064,7.2917143646627665,16.811017084866762,11.414953894913197,20.36388214258477,50.90970484912396,173.61921160295606,163.72217950969934,0.0087129017338156,0.0217822548002004,0.0462272055447101,0.0287479981780052,0.0003662165254354,0.0009155422449111,0.002975508570671,0.0017853062599897,0.1887692565730374,0.1887692579441637,1.2036021242631714,2.0293060288075093,0.0109559781849384,0.027389945462346,0.1324940919876098,0.1808041483163833,0.0130464639514684,0.0326161608099937,0.4315403997898102,0.6164339780807495,0.0092572736214876,0.023143183789131,0.0504358955367933,0.0335913659873767,0.0091792300287912,0.0229480748323025,0.0580087724868467,0.0397870544891482,0.0090638594701886,0.0226596482098102,0.0491493083536624,0.030273899435997,0.0080872820690274,0.0202182047069072,0.0415045395493507,0.0256961937993764,0.0069581139832735,0.0173952840268611,0.0406195148825645,0.0251621268689632,0.0004422805933167,0.001105701411338,0.0097949396141027,0.0184620503858136,0.0006764054031107,0.0016910135121059,0.0254406923891571,0.0364051505557356,0.0095216296613216,0.0238040741533041,0.0547951459884643,0.0341191738843917
E05,LY,0.01880242444542885,0.046068208997725596,0.08144729479048285,2.7912642410956323,6.978160543367267,15.165705369785428,10.981910451315342,10.932135613402352,27.330338791012764,73.53756778687239,49.99650580249727,0.01046578201930965,0.02616445510648185,0.05487525835633275,0.0399137875065207,0.0005188062787055,0.0012970156967639,0.0114633403718471,0.00830853730440135,0.28170254655870286,0.2817025585887491,1.1862896660487698,0.8619044703884942,0.01303883455693715,0.03259708732366555,0.1282062977552414,0.08970016241073606,0.01413748413324355,0.035343710333108846,0.2184176445007324,0.1241626590490341,0.010943790146275001,0.02735947510790955,0.060201317162252396,0.04324371610153625,0.010945143935761851,0.0273628595797763,0.0706317728070612,0.0498985095657914,0.0108949420973658,0.0272373557090759,0.0669069960713386,0.048737315461039446,0.0083466852083802,0.0208667125552892,0.04232089594006535,0.02669565938413135,0.00818646512925615,0.020466161891817998,0.0421072710305452,0.0265506990253925,0.000691893832645,0.00172973455764905,0.01529957931265955,0.01204441980132445,0.00085252428025895,0.00213131068828865,0.02140558890132845,0.01333016244269415,0.01140611898154015,0.02851529791951175,0.0814888998866081,0.0572213307023048
E06,LY,0.0199602118128762,0.0373887119982688,0.0590880038244314,3.540459332056344,8.851148242130876,19.84177926182747,13.212161475792527,19.138689456507564,47.84672313556075,121.8188602104783,82.67568491026759,0.0106355380266904,0.0265888441354036,0.0538643486797809,0.0375867849215865,0.0006103608757257,0.0015259012579917,0.0119935907423496,0.0083314254879951,0.3590191016478473,0.3590190992707157,1.5620842823765564,1.0592185194772097,0.0138399330899119,0.0345998331904411,0.1304493844509124,0.0933699533343315,0.0156252384185791,0.0390630960464477,0.287449449300766,0.1453269273042678,0.0110283288749534,0.0275708219210096,0.0590135244800981,0.0404668408419999,0.0112286115716604,0.0280715286810676,0.0711018302199211,0.0472076014400244,0.0111390864476561,0.0278477165848016,0.0661325976252555,0.0462195761501789,0.0081940945237874,0.0204852353781461,0.0422827489674091,0.0262302588671445,0.0080567635595798,0.0201419088989496,0.0421301610767841,0.0260776691138744,0.0008404356459376,0.0021010890866685,0.014156056465428,0.0112140728699337,0.0009974459243939,0.0024936147374587,0.023834938852602,0.0133702773898982,0.0117647061124444,0.0294117648154497,0.0818608403205871,0.0542763397097587
E07,LY,0.0191362405963573,0.034379382615498805,0.05841755442074495,3.1921950462274253,7.980487555265427,17.594598336145282,11.729190547019243,16.282635390758514,40.70658804476261,109.35431463830173,70.02322438638657,0.01029602531343695,0.025740062817931147,0.051939804106950704,0.03637369349598875,0.0005493247881531,0.0013733115047216,0.01091019995510575,0.007965208962559651,0.27460273981742594,0.2746027332639063,1.4511458926943743,1.0396895685099592,0.0131227588281035,0.0328068956732749,0.14426642656326294,0.09236285835504529,0.01468680892139665,0.03671701997518535,0.2756618559360504,0.1379415541887283,0.010690762558847051,0.02672690621152725,0.05797337571958475,0.0394258964779663,0.01087056283051195,0.027176406836731698,0.0691143339745604,0.0463086917637196,0.0107728699222207,0.0269321743398904,0.0630846098065376,0.0449378192424774,0.00832379655912515,0.020809491164982298,0.04221408441662785,0.0262607764452695,0.0080720223486423,0.0201800558716058,0.04198519885540005,0.02611581608653065,0.0007192905310228501,0.00179822632609055,0.0144060985269912,0.010898721065793801,0.00088790045378975,0.00221975107691225,0.02339575253458345,0.0130359507643753,0.0113832307979464,0.0284580774605274,0.0795452818274498,0.0533684287220239
E08,Fak_TGFB,0.0042974227609542,0.0059540963931593,0.0068666761830382,4.595330796204507,11.488326858729124,23.66388956829905,15.305592527613044,59.18925839755684,147.9731444194913,356.6421004533768,234.4479141011834,0.0084840161725878,0.0212100408971309,0.044129092246294,0.0276188291609287,0.0003662165254354,0.0009155422449111,0.0028076618909835,0.0010986495763063,0.2476994282449952,0.2476994237848705,1.7977330010882149,0.98378367092244,0.0108033875003457,0.0270084682852029,0.1744106262922287,0.1241321414709091,0.0134584577754139,0.0336461439728736,0.6723124980926514,0.4777752459049225,0.0089929208993894,0.022482302006836,0.0476523903995618,0.0294991688710729,0.00897518727618,0.022437967952113,0.0507195569525224,0.0304838291622397,0.0088502326980233,0.022125581279397,0.0462348349392414,0.0285801477730274,0.0085297934710979,0.0213244836777448,0.0395819023251533,0.0242008082568645,0.0066834515891969,0.0167086292058229,0.0385290309786796,0.0238040741533041,0.0004494061124628,0.0011235152587768,0.0087816052188012,0.0096095704671326,0.0005742647686358,0.001435661933509,0.0252310824908206,0.0132702961958157,0.0093232626095414,0.0233081560581922,0.0504005476832389,0.0298313871026039
E09,TGFB,0.02675082250658855,0.0321399165120274,0.04510065245990915,2.8033570083789527,7.008392436429858,16.070771396160126,9.99423210695386,19.54391564149409,48.85978836938739,206.94569318927824,86.72313276585191,0.01163500454276795,0.02908751182258125,0.0530079342424869,0.03888952359557145,0.0007934691384434,0.0019836723804473,0.017139695584773948,0.008983749896287849,0.4235034728738466,0.4235034565785363,3.001871229358445,1.2859744796772077,0.016006713733077,0.04001678526401515,0.1986877247691154,0.0918593108654022,0.01966887991875405,0.0491721983999013,0.5340581238269806,0.16298160701990125,0.01206268362364155,0.03015670874865685,0.06196285346543865,0.0414364156376626,0.01254148398906205,0.031353709531697,0.11395213743630994,0.050449564758705906,0.01238269638270135,0.030956741422414752,0.06613641232252115,0.04796291980892415,0.00956740695983165,0.023918516933918,0.0437323562800884,0.0268406197428703,0.0091172656975686,0.0227931635454297,0.04364843294024465,0.0267185475677251,0.0010921754498693001,0.0027304384866871003,0.02690765259145455,0.012110483297730599,0.0014154083286818,0.0035385207057431,0.0867279154411109,0.01600332453870415,0.013239108957350199,0.03309777006506915,0.14526398479938502,0.058041503652930204
E10,TGFB,0.0282086112011684,0.02926848486321125,0.0406336901906187,3.5098726213909686,8.77468144055456,18.553871981799603,12.188502353616059,26.51387829100713,66.28469479922205,239.93786527588964,103.70960572734474,0.0115358205512166,0.0288395509123802,0.0528858639299869,0.0411001741886138,0.0008697640150785,0.0021744100376963,0.024765390902757603,0.0081826522946357,0.5185222722530615,0.5185222541232085,2.639939039874009,1.1283804630660965,0.0169375147670507,0.04234378784894935,0.2018921226263046,0.09206530824303624,0.0199740603566169,0.0499351508915424,0.4532082080841064,0.1541313752532005,0.012332980859931151,0.03083245181202875,0.06652907308590145,0.0438448104873723,0.01255953148106825,0.031398828285726196,0.111798999970232,0.0505160711103074,0.0122377360239624,0.0305943395942449,0.07361715286970134,0.04831006377935405,0.00980392191559075,0.02450980432331555,0.04428168199956415,0.0275730527937412,0.00901045277714725,0.022526131942868198,0.04393835365772245,0.0275577940046787,0.0010989197830143,0.0027472994087715,0.0308390553090383,0.01191392753478165,0.00152075651358595,0.00380189116217235,0.0752504020573868,0.0135124187046175,0.0133211258798837,0.0333028137683868,0.1547837033867836,0.057951858267188044
E11,TGFB,0.0299777639945826,0.0253786763481831,0.034745239659562,3.739314900711179,9.34828706085682,18.73577482998371,10.424902744591236,23.42294976208359,58.55737345665693,188.19282830506563,74.39433906786144,0.012298772111535,0.0307469293475151,0.0562600120902061,0.0363164730370044,0.0011139083653688,0.0027847737073898,0.0287327356636524,0.0049591809511184,0.5641473008182312,0.5641473126772618,2.1656080163726843,0.8067733536295264,0.0188601519912481,0.0471503809094429,0.1787594407796859,0.0633249431848526,0.0214084070175886,0.0535210184752941,0.3602349758148193,0.093019001185894,0.0137297818999892,0.034324454201851,0.0697880573731301,0.0382278031413805,0.013609778683557,0.0340244461422771,0.1087627991153721,0.0423832358386193,0.0134279392659664,0.0335698463022708,0.0868925005197525,0.0413366891443729,0.0102235451340675,0.0255588628351688,0.0444647893309593,0.027832455933094,0.0094453347846865,0.0236133374273777,0.044220644980669,0.0275883115828037,0.0013504495537118,0.0033761237450771,0.0277067329153823,0.0063848181134046,0.0018229581908111,0.0045573955158549,0.0609085140391511,0.0080046109614709,0.0146028837189078,0.0365072079002857,0.1443045735359192,0.046807050704956
F02,Fasudil,0.0161243981398847,0.0302969746058603,0.050411497984471,2.635431467555464,6.588578609749675,15.918059073388577,10.17647061124444,11.7694820901379,29.423704892396927,102.01777694001794,55.96540789492428,0.0103303575888276,0.0258258935064077,0.0522735938429832,0.0372549034655094,0.0004882887005805,0.0012207217514514,0.0158693827688694,0.0091096367686986,0.1618952877825283,0.1618952829142164,1.572643359353202,1.0582954185300646,0.0127718010917305,0.03192950040102,0.1358205527067184,0.0897230505943298,0.0142671857029199,0.0356679633259773,0.3190966546535492,0.1325398683547973,0.0107805476644552,0.0269513689574732,0.0590972701875155,0.0404405218131583,0.0107980319931859,0.0269950797513516,0.0836275390936778,0.0500841958964711,0.0107423514127731,0.0268558785319328,0.0651865452527999,0.046692606061697,0.0084229800850152,0.0210574492812156,0.0429694056510925,0.0267338063567876,0.0081635769456624,0.0204089414328336,0.0427557788789272,0.0265049207955598,0.0006740908080858,0.001685226924601,0.0171366700225348,0.010897832975524,0.0008555032509952,0.0021387580479103,0.0425502593139852,0.0159081183651555,0.0112458989024162,0.0281147472560405,0.1008392460644245,0.0584267955273389
F03,Fasudil,0.0177506404777794,0.0329965838599932,0.0694598891504351,2.093522562645376,5.233806353062391,13.859433937817812,9.029190527275205,9.716502727009356,24.29125658795237,102.46727694943549,50.462714698165655,0.01023880392313,0.025597009807825,0.0591744855046272,0.0410658419132232,0.0005340659990906,0.0013351645320653,0.0236209705471992,0.0103456154465675,0.2169896118343432,0.2169896014998388,1.39270121018779,0.8649287786506566,0.0131837949156761,0.0329594872891902,0.1635156720876693,0.095857173204422,0.0149996187537908,0.0374990478157997,0.34775310754776,0.1359426230192184,0.0109435377575187,0.0273588441806026,0.0691358538513833,0.0446157541706181,0.0108850552259307,0.0272126378298833,0.104613939837666,0.0546062132936309,0.0108491647988557,0.0271229110658168,0.0884870663285255,0.0524147413671016,0.0083772027865052,0.0209430065006017,0.045456625521183,0.0273289084434509,0.0082093542441725,0.0205233860760927,0.0452277399599552,0.0272068362683057,0.0007680244520903,0.0019200609919095,0.0232072620034854,0.0130213821173025,0.0008951630553629,0.0022379076247099,0.0530286400698647,0.016883453580774,0.0114137483760714,0.0285343714058399,0.1320057958364486,0.0649729147553443
F04,Fasudil,0.01612829128125495,0.026547117781857102,0.04013579316802445,2.9971771142445505,7.492942710407078,17.31229117140174,11.137453256174922,16.37398352730088,40.934958409518,140.71943242289126,76.57654707692564,0.0101014729589223,0.0252536814659833,0.0521400794386863,0.03547913208603855,0.0005340659990906,0.0013351645320653,0.01559471897780895,0.00902571156620975,0.2858773690039015,0.28587737222674414,2.2217296972923117,1.028047228140244,0.013206683564931099,0.0330167077481746,0.18198671936988825,0.1066147834062576,0.0157473105937242,0.039368275552988,0.37759213149547577,0.1710536405444145,0.01053031797553285,0.0263257946769882,0.0619418249355872,0.0401416946491547,0.01071108993467525,0.0267777246106155,0.09223707229485005,0.0486502538315263,0.0105592431500554,0.0263981074094772,0.0663004517555236,0.045544365420937497,0.0085297934710979,0.0213244836777448,0.0434729531407356,0.0264591444283723,0.00803387537598605,0.0200846884399652,0.04302281141281125,0.02634470164775845,0.00072691843535615,0.0018172960799996,0.022866423566279402,0.01308493619004255,0.000957088017867,0.00239271999783085,0.0534408312440608,0.0161597037689105,0.0111696040257811,0.0279240105301141,0.11647974699735635,0.05707827955484385
F05,LY,0.0190496205631354,0.0309120714831186,0.0562257626822882,3.7080339044332495,9.270084695890546,18.52584114670753,13.453772831708193,21.73777391994372,54.3444342892617,129.80939979106188,96.93862849101424,0.0101472493261098,0.0253681223839521,0.0514457933604717,0.0359960310161113,0.0005645845085382,0.0014114622026681,0.0108339041471481,0.0093080028891563,0.3512382326858769,0.3512382261313368,1.513492228683372,1.0739956602032723,0.013107500039041,0.0327687487006187,0.1272449791431427,0.0919661223888397,0.0147249558940529,0.036812387406826,0.2374303787946701,0.1616846024990081,0.0104990629709463,0.0262476572210939,0.0552253797582357,0.0386052576452493,0.0107614622282375,0.0269036553469636,0.0678680702212162,0.0475526569073673,0.010666056536138,0.0266651418060064,0.0614328235387802,0.0457312874495983,0.0081635769456624,0.0204089414328336,0.0417029075324535,0.0258487835526466,0.0078889140859246,0.0197222847491502,0.0415197983384132,0.0256504155695438,0.0007099636090243,0.0017749089685408,0.0125534067840561,0.0114302305753218,0.0009455833056457,0.0023639582285285,0.0231397113775269,0.0145963723729885,0.0112611586228013,0.0281528960913419,0.0786144807934761,0.0562142357230186
F06,LY,0.0222289515165092,0.04558296969380215,0.0691625068896232,2.2965667420066893,5.741416799835861,14.375463530421257,9.945273511111736,11.304860121570528,28.26215005107224,79.29282839037478,55.22384993173182,0.0098725873976945,0.0246814675629138,0.056555656716227504,0.03904020786285395,0.00056076911278065,0.0014019226655363499,0.010685129091143549,0.0077210627496242,0.3351205527670622,0.33512055173772964,0.8485059617635167,0.9364613293592086,0.0129396505653858,0.0323491245508194,0.11685358732938761,0.08838788419961925,0.01389333978295325,0.03473334759473795,0.19546806812286371,0.12633707374334335,0.01057378089204555,0.0264344520253529,0.06110810358115025,0.04255481794314525,0.0105165268035225,0.026291316788367748,0.0707020072957614,0.0490143413192995,0.0105287255719304,0.0263218134641647,0.06888303905725475,0.04822995327413075,0.00794232077896595,0.019855801016092252,0.04300755262374875,0.026215000078082,0.00771343568339935,0.019283588975667898,0.04275578074157235,0.02607003971934315,0.00087344727486945,0.0021836181980983502,0.01298689918888375,0.0117802358524841,0.0009172922537823999,0.0022932306012612,0.018858272338224853,0.012983777941697201,0.0111543452367186,0.0278858635574579,0.0806992426514625,0.0563534758985042
F07,LY,0.0183414982362979,0.0332600806348968,0.055992274548252,3.232562789227813,8.081406880170107,18.87354850023985,13.922545235604048,16.88992158509791,42.22480348497629,115.97744727134705,85.2422219067812,0.0104791335761547,0.0261978339403867,0.0624094009399414,0.0444495305418968,0.0005493247881531,0.0013733115047216,0.0113984867930412,0.0090714879333972,0.2598599922406409,0.2598599905722817,1.18901533639903,1.0049825787851772,0.0132448310032486,0.0331120751798152,0.134203091263771,0.0977035164833068,0.0145571073517203,0.0363927669823169,0.2468146830797195,0.1383382976055145,0.0108510894477254,0.027127723353929,0.0658540647396177,0.0471634950423449,0.0109817053295878,0.0274542630597211,0.079205644364081,0.0555101757173833,0.0109254596754908,0.0273136496543884,0.0737697407603263,0.054489966481924,0.0084992749616503,0.0212481878697872,0.0512855723500251,0.0328221544623374,0.0082398718222975,0.0205996800214052,0.0510872043669223,0.0326390489935874,0.0007346331400701,0.0018365826968586,0.0130924763507139,0.0113426665818284,0.0008748407841826,0.0021871018882321,0.022421465168921,0.0136163097615077,0.0115205617621541,0.0288014039397239,0.0887312144041061,0.0639009699225425
F08,Fak_TGFB,0.0061066252046151,0.0089714052217751,0.013829920193175249,3.7982834014110267,9.495708405971527,20.465255267918113,12.63092247210443,35.489662448177114,88.72415522206575,218.19837533682585,195.52394200023264,0.00861371774226425,0.021534293889999348,0.04517433419823645,0.02831311523914335,0.0003662165254354,0.00091554131358855,0.0026092939078807,0.0015106434002518,0.20447189591153692,0.20447190243975966,1.4059350794214391,1.0847475943001295,0.01074998080730435,0.0268749520182609,0.14267948269844055,0.13195239007472986,0.0119325551204383,0.029831388033926452,0.4022049307823181,0.4838254451751709,0.009078887660064601,0.022697218904757198,0.048924788065026856,0.03063020544960325,0.0089986748529809,0.022496686877818903,0.051689328362162695,0.03301227220510585,0.00894941668957465,0.02237354218959805,0.0470778979361057,0.0295414663851261,0.00837720325216645,0.0209430074319243,0.03974212333559985,0.025085831992328098,0.0068436714354902,0.017109178006648948,0.03925383463501925,0.0245822835713624,0.0004300898116346,0.0010752245425729502,0.0100203499981503,0.00848188061266055,0.00056402821519985,0.00141007056567145,0.0159012502536983,0.01400981484928615,0.0093385213986039,0.0233463030308485,0.050804914906620896,0.0316109713166952
F09,WH_TGFB,0.0290685046363951,0.03021541028734965,0.03965265534548415,1.7722820034250617,4.43070495966822,9.054245825856924,7.600244166329503,8.836698035243899,22.09174484293908,67.1670710798353,44.3486153492704,0.0098840314894914,0.0247100787237286,0.0518501559272408,0.03438239078968755,0.00068665621802205,0.00171664077788585,0.0084573123604059,0.01047531887888905,0.3354044640881908,0.33540445768809246,0.8270714326689759,1.0010816939222529,0.0134126800112426,0.0335316993296146,0.1259784810245037,0.0872816070914268,0.016395819373428752,0.0409895479679107,0.2440680488944053,0.14416724443435663,0.0105780801635819,0.026445200166163398,0.055665029800928204,0.040475215467157655,0.011064719837641249,0.02766179928826995,0.06580136975691969,0.055962485269119094,0.01102464320138095,0.02756160777062175,0.06083009019494055,0.0476577393710613,0.0081788357347249,0.0204470884054899,0.0439154654741287,0.0268253609538078,0.0079041738063097,0.0197604335844516,0.04370946809649465,0.0264744032174348,0.0008135324674919001,0.00203383119519455,0.0122653066276205,0.011935027088561201,0.00117825593890355,0.0029456397701884,0.02029301547574635,0.021352266001527752,0.01186007494106885,0.029650187119841548,0.07294956967234606,0.06677157338708635
F10,WH_TGFB,0.01767465309547385,0.03473326709970885,0.044893315411677445,2.556420259177685,6.39105058927089,12.621187180280685,10.457061150111258,16.40408198395744,41.01020449958742,93.47655469365418,87.16531643737108,0.0101014729589223,0.0252536814659833,0.05045395717024795,0.03936064662411805,0.00063324952498075,0.00158312357962125,0.00739299505949015,0.011669337749481149,0.32320541177772866,0.32320541212128273,0.9814432700769914,1.2460586301932133,0.01311512943357225,0.0327878221869468,0.09840543195605275,0.0990157946944236,0.0160219734534621,0.04005493409931655,0.21100939065217966,0.1619668900966644,0.010484569525847701,0.026211423561711453,0.05281837781852365,0.0398273501674633,0.010808304868631,0.02702076192520035,0.06321314033497885,0.05563729711985975,0.010666056536138,0.02666514180600635,0.05770199000835415,0.0515449754893779,0.0081177996471524,0.02029449865221975,0.0424048230051994,0.0263523310422897,0.00788128469139335,0.0197032112628221,0.0422827489674091,0.02614633366465565,0.00073387794197655,0.0018346948611744499,0.009256003030029599,0.013775083029326049,0.0010350267869202,0.0025875668958723497,0.01747982415778055,0.02174232081362885,0.0112993060611188,0.02824826445430515,0.0689993873238563,0.0657568462193012
F11,WH_TGFB,0.00609653903820575,0.00878749146948915,0.0137106480448114,4.1634546858258545,10.408636602573097,25.848134657368064,17.081178041175008,71.09424822265282,177.73561862297356,470.30503635294735,287.9453657688573,0.0087281605228781,0.0218204017728567,0.0527962148189544,0.0336614027619361,0.0003814753144979,0.0009536873549222,0.00289158523082725,0.0011444278061389,0.22270717020842273,0.22270716790733724,1.1165287556636554,0.6339487443648504,0.0109559781849384,0.027389945462346,0.1336690336465835,0.08056763559579845,0.012718394864350498,0.03179598599672315,0.30070191621780396,0.20750743895769114,0.00926298135518285,0.023157453139954348,0.0561050174018315,0.0350988573124978,0.0091182842421977,0.02279571036699505,0.058810208427315505,0.03670136042200765,0.00908674765378235,0.0227168686687946,0.05476463027298445,0.03467612713575355,0.0087891966104507,0.0219729915261268,0.04754711128771305,0.03034256584942335,0.00691996654495595,0.0172999165952205,0.04670023545622825,0.02993057109415525,0.00041535313356005,0.0010383828527637,0.0080862749413033,0.0040405633800475,0.00058633414287995,0.0014658353686367001,0.0142931890175634,0.010179888401121051,0.0094911120831966,0.0237277802079916,0.05940337292850015,0.03626306727528565
G02,LY_TGFB,0.0304248056922737,0.0232656233082045,0.0292223497959194,4.179034144617617,10.447585247457027,20.576592676341534,12.763149492442608,40.17863772623241,100.44659276120365,281.8918751478195,135.44272561743855,0.0120088504627347,0.0300221256911754,0.0520065613090992,0.0361829549074173,0.0008697640150785,0.0021744091063737,0.0134279429912567,0.0069047063589096,0.4988660720094089,0.498866068966375,2.8205567597503696,1.1114554678531476,0.018417639657855,0.0460441000759601,0.2078889161348343,0.0833905562758445,0.0203402768820524,0.0508506931364536,0.530418872833252,0.1550164073705673,0.0127183781627003,0.0317959450266815,0.0602087929954963,0.0395381101803862,0.0130659950876308,0.0326649872539686,0.0978257299680834,0.0453019595568046,0.0127870608121156,0.0319676510989666,0.0623483620584011,0.0421606786549091,0.0105592431500554,0.0263981074094772,0.0437933914363384,0.0268863961100578,0.0093232626095414,0.0233081560581922,0.0432898439466953,0.0267032887786626,0.0012840978154742,0.0032102444742541,0.0233398533110158,0.0094344352767364,0.0014453600807451,0.0036134000772591,0.0706829724554666,0.0134509284491862,0.0138094145804643,0.0345235355198383,0.1172159910202026,0.0514686815440654
G03,LY_TGFB,0.0350341007637416,0.0214329529735381,0.0249585514609276,4.025177415460348,10.062943378463387,18.16011295840144,10.973815551027656,33.13238750491291,82.83096748031676,239.1847565546632,106.26474425382912,0.0133669031783938,0.0334172584116458,0.0550316609442234,0.0371557176113128,0.0011062789708375,0.0027656964957714,0.0182650499045848,0.0069123357534408,0.5457011832983779,0.5457012040612824,2.4902091822414145,1.0067034292578092,0.0215609986335039,0.0539024956524372,0.2142824381589889,0.0820477604866027,0.0243381392210721,0.060845348984003,0.5055466294288635,0.1326619386672973,0.0142794561873601,0.035698639836925,0.0663584061316761,0.040097900178781,0.0147630133698291,0.0369075327660934,0.1042703085355937,0.0466747285875578,0.0142977032810449,0.0357442572712898,0.0705424547195434,0.0436408035457134,0.0115205617621541,0.0288014039397239,0.0450141131877899,0.0276188291609287,0.0103303575888276,0.0258258935064077,0.0448004901409149,0.0273899435997009,0.0016306576145562,0.0040766438437657,0.0276801461596024,0.0095033623120698,0.0019443826070922,0.004860956588258,0.0714691540017614,0.0123259416244936,0.0156710147857666,0.0391775369644165,0.1313496679067611,0.0527046620845794
G04,LY_TGFB,0.0340746972529576,0.0218969325094931,0.02470543647114055,3.879140951205045,9.69785223249346,18.74007023870945,11.184657087549567,30.59643726889044,76.49109203368425,229.84926393814385,103.8646222120151,0.01255054585635655,0.0313763655722141,0.0548352040350437,0.03670366900041695,0.0010223546996712,0.00255588628351685,0.0238117035478353,0.00712214969098565,0.5462635160535909,0.5462635250239871,2.531885142732085,0.9593756397049298,0.0190585181117057,0.04764629527926445,0.18673228472471234,0.0870374590158462,0.02233157865703105,0.055828947573900195,0.4584420472383499,0.138902872800827,0.0133446337568239,0.033361583865316194,0.06363928335472285,0.03958845566241305,0.0137354337895969,0.0343385838901403,0.1048546701878918,0.04654238088703145,0.0134889753535389,0.0337224379181861,0.07512779533863065,0.04354161769151685,0.0107881287112832,0.0269703213125467,0.04401464760303495,0.0268863961100578,0.0097047379240393,0.0242618452757596,0.0437476150691509,0.0268253609538078,0.001367782119319,0.0034194551648466997,0.024285685931446352,0.00929264298862615,0.0017414951438315001,0.0043537377790985,0.0681264367839026,0.013324152749933149,0.01462577283382415,0.03656443208456035,0.1362153813242912,0.05347524210810655
G05,LY_TGFB,0.03476461983914665,0.021872089818031598,0.025062140224901698,4.483611844945699,11.209029422141612,21.73013659194112,11.358899855054915,28.74639530479908,71.86598713696003,206.957038320601,85.70226615760475,0.0131532768718898,0.0328831914812326,0.0561570152640342,0.03593308851122855,0.0010833903215824998,0.00270847417414185,0.025207906961441,0.0058136880397796,0.6037036701595815,0.603703650320434,2.1808473787926923,0.9462758696563622,0.0204165708273649,0.05104142799973485,0.2081025391817093,0.07543297484517095,0.0238345917314291,0.05958648025989525,0.43907836079597473,0.1153429485857486,0.014239650171540701,0.0355991248391066,0.06962873886951565,0.038674390299046596,0.01436310814066855,0.03590776969535635,0.1076434882225643,0.04386290867739135,0.01415274292230605,0.035381857305765096,0.07743190973997115,0.041626611724495846,0.01057450240477915,0.026436255313456,0.0453498139977455,0.0271152816712856,0.0099336234852671,0.0248340591788291,0.04470130428671835,0.0270237270742654,0.00145478305660715,0.0036369575542513997,0.0286894440866917,0.00776139296974465,0.0018923358355769498,0.00473083953985095,0.06401327637444905,0.01020611970983595,0.0154230562038719,0.038557639345526654,0.13960097730159754,0.0491702891886234
G06,LY_TGFB,0.03320586792928435,0.0235426048804769,0.02525715293517415,4.040184675715864,10.100461513735354,17.926680432632565,12.031364954076707,34.57640980370343,86.44102322682738,243.8979099411518,117.0078432969749,0.0127851533470675,0.03196288226172325,0.05275616049766535,0.03708323836326595,0.0010833907872438,0.0027084778994321,0.0172503236681222,0.007862210273742651,0.5867475755805562,0.5867475942838005,2.714323727087039,1.1689506583514104,0.0199740603566169,0.04993515089154235,0.19112687557935715,0.09147020801901815,0.0235294122248888,0.0588235296308994,0.5272297263145447,0.1870450899004936,0.01370835592702755,0.0342708892453443,0.06021807823144,0.0401104506526131,0.014077810723184099,0.0351945262247683,0.10231224902039951,0.0478164212374807,0.01371023152023545,0.034275576472282354,0.0660524927079677,0.0441748686134815,0.0109864957630634,0.02746623940765855,0.04412146285176275,0.0269779507070779,0.009887846186757,0.0247196145355701,0.0437323562800884,0.02678721304982895,0.0015469231828024,0.00386730792894365,0.0228072522930756,0.010768262092688049,0.00189721041345625,0.0047430260758494,0.07345108310003584,0.01531435593713815,0.01500724814832205,0.037518121302127797,0.12682917714118955,0.05499732866883275
G07,LY_TGFB,0.0342953479946627,0.02467082545528875,0.026010525039716903,3.9916838658973575,9.979209531098604,19.107629535719752,11.339726902544498,36.5300453226082,91.3251120345667,263.7457161024213,115.96605646982789,0.01236743759363885,0.030918594449758502,0.0534676127135753,0.0356450751423835,0.0010070959106087,0.0025177411735057,0.01883726194500915,0.00681315362453455,0.5660892265623425,0.5660892459340321,2.2082502273159204,0.9052963222405725,0.019317922182381098,0.048294804990291554,0.19144731760025024,0.0784313753247261,0.02204928733408445,0.05512321740388865,0.46845960617065424,0.1230029761791229,0.01307520478980295,0.03268801142344105,0.062852668527412,0.03814083342129425,0.013540836149198151,0.03385208979116535,0.10155169135109396,0.0443875415772013,0.0131837949156761,0.0329594872891902,0.07016861438751215,0.041664758697152096,0.0108110173605382,0.027027542702853652,0.0441748686134815,0.0267032887786626,0.00962081365287295,0.02405203320086,0.0439154654741287,0.0266422517597675,0.00136230417649,0.0034057603639783,0.02267597127440535,0.008745921610888451,0.0017253414427631998,0.00431335353085825,0.06703897392910654,0.0116553876367714,0.01444266457110635,0.036106660962104756,0.12907034158706665,0.05042343772947785
G08,Fak_TGFB,0.0056419154518446,0.0090775312157539,0.0093345104561776,3.597680683247745,8.994201615452766,20.07579160481692,12.964034397155046,60.2140543195419,150.53513423912227,325.5826970934868,201.53727085143328,0.0084077212959527,0.0210193023085594,0.0459906905889511,0.0285038538277149,0.0003814753144979,0.0009536892175674,0.0046692602336406,0.0015716776251792,0.3253924884323771,0.3253924931732353,2.1408252320749988,1.7213715932186564,0.0108796823769807,0.0271992050111293,0.2322728335857391,0.2076142579317093,0.0141145950183272,0.0352864861488342,0.5924010276794434,0.8049591779708862,0.0089783132001448,0.022445782740443,0.0522679113826462,0.0309038692930794,0.0089121664788167,0.0222804159974726,0.0584782470420228,0.0374975806454152,0.0088654914870858,0.0221637282520532,0.049607079476118,0.0297093149274587,0.0076447702012956,0.0191119257360696,0.0402838177978992,0.0247348751872777,0.006591897457838,0.0164797436445951,0.0394293144345283,0.0242771040648221,0.000487003558982,0.0012175089338177,0.0184182434460138,0.0188755691826935,0.0006990757178068,0.0017476892857371,0.0337802626656248,0.0379232671071437,0.0094148162752389,0.0235370397567749,0.0564583800733089,0.0333867408335208
G09,SB_TGFB,0.0238577584651281,0.0382472780471822,0.0565523286462128,2.982574226334691,7.456435482949018,21.853818599134684,12.314473206177354,14.669276081956925,36.67318977601826,150.71921878308058,67.49073017016053,0.0105287255719304,0.0263218134641647,0.0590676739811897,0.0415693894028663,0.0006561381742358,0.0016403440386056,0.0320744588971138,0.0068665593862533,0.4018445271626961,0.4018445398523931,2.6875187006495977,0.8354339100949567,0.0145265888422727,0.0363164730370044,0.2642557322978973,0.0880292952060699,0.015976196154952,0.0399404913187027,0.4891889691352844,0.1155870929360389,0.0114312473769991,0.0285781181255064,0.0787259535081969,0.0436511873637163,0.0113285916077585,0.0283214787452269,0.1183371631959437,0.0503783144796486,0.0112611586228013,0.0281528960913419,0.1002975478768348,0.0496604871004819,0.0085145346820354,0.0212863367050886,0.0437018387019634,0.0276798661798238,0.008224613033235,0.0205615330487489,0.0436865799129009,0.0274662394076585,0.0009362556139918,0.0023406390145183,0.0374247312286141,0.0105449208389008,0.0011272102146391,0.0028180255089209,0.0665702133594459,0.0115991227077075,0.0119707025587558,0.0299267563968896,0.15200275182724,0.0569466687738895
G10,SB_TGFB,0.02177753473580125,0.0351446967483253,0.05040384046232805,4.099229460116476,10.24807355273515,23.422301089391112,14.851644175127149,20.757999753579497,51.894998830743134,184.3625621497631,92.58667897246778,0.010599298402667,0.026498245075344998,0.0529774166643619,0.0376287475228309,0.0006103608757257,0.0015259021893143,0.0164339654147624,0.0072480365633964,0.4085885903281612,0.4085885818870401,3.1361004206878986,1.1862981683452225,0.01435110997408625,0.03587777540087695,0.2178225368261337,0.0854047462344169,0.0163881890475749,0.0409704707562923,0.4576638489961624,0.13820859044790265,0.01112589498371305,0.027814737194569547,0.063784945789508,0.040999556033520096,0.011246966944117049,0.02811741703297415,0.09756348483675589,0.0465152838948968,0.011093309149146,0.0277332719415426,0.0677500553429126,0.0453192964196205,0.0084840161725878,0.0212100408971309,0.0434119179844856,0.02664988115429875,0.008148317690938649,0.0203707935288548,0.0430304408073425,0.02646677382290355,0.00080823385196855,0.00202058453682955,0.0286386468314461,0.010608300570996501,0.0010732415907579499,0.0026831039111230998,0.06247419614273285,0.01187704219255805,0.0118104834109544,0.0295262075960636,0.1204776084050536,0.053116654977202346
G11,SB_TGFB,0.0086005219806439,0.0145352017244843,0.01650992196669315,6.301777756307274,15.754444213584065,32.73517211340368,19.427496813237667,71.26852914597839,178.17132100556046,403.34030741639435,229.61837263591588,0.008567940909415449,0.021419852040708,0.04326695576310155,0.02683489769697185,0.0003814753144979,0.0009536882862448001,0.00233463011682025,0.00093843042850485,0.35151694861286725,0.35151695247670023,1.2927278221706584,0.9691175022648076,0.0109559777192771,0.02738994453102345,0.10538643598556516,0.06751354411244384,0.01357290009036655,0.033932249993085806,0.31512169539928436,0.174982838332653,0.0090438797373983,0.02260969907414095,0.046360889709454095,0.028198960491989902,0.008964598247963501,0.02241149538550425,0.04884547389559665,0.02947526888556405,0.0089112687855958,0.02227817103266715,0.04487296938896175,0.02774853073060505,0.0085450522601604,0.0213626306504011,0.0391470212489366,0.02365911379456515,0.0066910812165588,0.016727702692151,0.0383764393627643,0.023361561819911,0.00043291261835175,0.0010822815650724,0.0070118440373065,0.0045641341564476,0.0006486015106845001,0.0016215037731726,0.01378047435070085,0.009668850718880899,0.009308003354817601,0.0232700081542134,0.04856183752417555,0.0289463642984628
